"mediana_pet","std_pet"
"139.02737447212238250","483.1719535676799790464940846096093554"
