"mediana_gas","std_gas"
"220.4639635743888154421","541.8300015852586341789131952932624567"
