"areayacimiento","avg_gas"
"AGUADA PICHANA OESTE","6498.3807563768115942"
"SIERRA CHATA","6256.5508446829268293"
"AGUADA DE LA ARENA","4873.4842629482071713"
"AGUADA PICHANA ESTE VACA MUERTA","4083.2701412298507463"
"FORTIN DE PIEDRA","3992.5073768609271523"
"LA CALERA","3985.0187019867549669"
"AGUADA DE CASTRO","3964.3563045614035088"
"EL MANGRULLO","2814.2026309759797724"
"LA ESCALONADA","2242.7242874748461538"
"PAMPA DE LAS YEGUAS I","1920.6414285714285714"
